,,1. Easter,,,,,,,,,,,,,,,,,,,,,,,
Date,Day,Pillar,Focus,Asset,Post Copy,Hashtags ,Note,Content Type,FOR DE→,Pillar,Focus,Asset,Post Copy,Hashtags ,Content Type,,,,,,,,,,
2026-04-01 00:00:00,Wed,Brand,Costco进店,,"Laifen SE High-Speed Hair Dryer is now at Costco Canada 🇨🇦

Available online & in-store — it’s never been easier to upgrade your routine.

👉 Shop now: https://bit.ly/3OemWxF

#Laifen #Costco #Canada #Laifenhairdryer #HairDryer",#Laifen #Costco #Canada #Laifenhairdryer #HairDryer,,,,Brand,Neo TVC,,"Introducing Laifen Neo — Es ist Neo. Es ist neu.
Angetrieben von Laifens proprietärer Hochgeschwindigkeitsmotor-Technologie vereint der Neo schnelles Trocknen, vielseitiges Styling und sanfte Pflege — in einem schlanken, durchdachten Design.
Key Benefits des Laifen Neo:
 ✅ Laifens legendäres Trocknen mit 110.000 U/min bürstenlosem Motor
 ✅ 3× schnelleres Trocknen dank 22 m/s Luftstrom
 ✅ 200 Millionen negative Ionen für weniger Frizz und mehr Glanz
 ✅ Ultraleichtes Design (nur 390 g) – 33 % leichter für müheloses Styling
 ✅ Geräuscharm bei nur 59 dB für ein angenehmes Nutzungserlebnis
 ✅ Grenzenloses Styling mit Glättungsdüse und Diffusor
👉 Mehr erfahren: https://bit.ly/4m0sTuq",#LaifenNeo #LaifenFöhn  #Föhn #Laifen,,,,,,,,,,,
2026-04-01 00:00:00,Wed,Brand,秋促,,"Easter Sale 🐣
Up to 38% off
New season, new shine.

👉 Shop now: https://bit.ly/m/laifenshop

#Laifen #EasterSale",#Laifen #EasterSale,,,,Brand,秋促,,"Oster-Sale 🐣
Bis zu 38 % Rabatt

Neue Saison, neuer Glanz.",#Laifen #EasterSale,,,,,,,,,,,
2026-04-02 00:00:00,Thu,,,,,,,,,Brand,Neo S TVC,,"Introducing Laifen Neo Special — Visible broadcast in minutes.
With a combination of high-speed airflow, advanced care technology, and precise temperature control, the Neo Special delivers ultra-fast drying while retaining shine and moisture – with every application.
Key Benefits of Laifen Neo Special:
✅ Professional oil diffusion technology turns essential oils into ultra-fine micro-mist for deep-impact, residue-free absorption
✅ Precise 58°C care mode with sensors that monitor temperature 100 times per second and protect moisture
✅ Extra-fast 3-minute drying thanks to 110 000 rpm engine and 22 m/s airflow
✅ 200 million negative ions for silky shine smooth hair and visibly reduce frizz
✅ Whisper-quiet & magnetic filter with 6x noise reduction (only 59 dB) and 3-second cleaning
✅ Smartes LED-Display & Premium-Design mit 5-farbigem LED-Ring und modernem Color-Block-Finish
👉 Find out more: https://bit.ly/4m5fCB4",#LaifenNeo #LaifenFöhn  #Föhn #Laifen,,,,,,,,,,,
2026-04-02 00:00:00,Thu,,,,,,,,,Brand,N 一图读懂,,"Alles, was du über den Laifen Neo wissen musst.
Mehr erfahren: https://bit.ly/4v5TJ8z",#LaifenNeo #LaifenFöhn #Föhn #Laifen,,,,,,,,,,,
2026-04-03 00:00:00,Fri,,,,,,,,,Community,NS 一图读懂,,"Alles, was du über den Laifen Neo Special wissen musst. 
Mehr erfahren: https://bit.ly/4v5TJ8z",#LaifenNeo #LaifenFöhn #Föhn #Laifen,,,,,,,,,,,
2026-04-04 00:00:00,Sat,,,,,,,,,Brand,世界第一吹风机,-,-,-,,,,,,,,,,,
2026-04-05 00:00:00,Sun,,,,,,,,,,,,,,,,,,,,,,,,
2026-04-06 00:00:00,Mon,,,,,,,,,Community,Neo S Giveaway,,"🎉 Contest: For healthier hair - win the Laifen Neo Special!
The Laifen Neo Special stands for gentle and effective hair care in everyday life. Formulated to protect your hair while delivering perfect styling results. ✨
Enter now and secure your chance!
Here's how you can participate:
1. Folge Laifen Deutschland
2. Like this post 👍
3. Comment your most important hair care routine and tag 2 friends
🎁 Win:
3 winners each will receive a Laifen Neo Special
📅 Deadline: 17. April
📢 Winners will be notified by Facebook message
Lots of success! 🍀
📌 Hint:
This contest is not affiliated with Facebook and is in no way sponsored, supported or organized by Facebook. The organizer is the only person to contact and responsible.",#LaifenNeo #LaifenFöhn #Föhn #Laifen #Gewinnspiel #Giveaway,,,,,,,,,,,
2026-04-07 00:00:00,Tue,Inspiration,"KOL Repost
 (Do Not Repost)",,"✨ See how @ellabella_soleil elevates her hair routine with the Laifen MINI!
Small in size, massive in power. 💨 Whether you're at home or on the go, the Laifen MINI high-speed dryer keeps your hair salon-ready in minutes. Ready to experience the perfect blow-dry? 💇‍♀️💖",#Laifen #LaifenMini #laifenhairdryer #hairdryer,,,,Brand,NS 护发KSP,,"Sichtbarer Glanz in Minuten ✨

Mit der Neo Special erlebst du Haarpflege auf einem neuen Level:
💧 Feine Öl-Diffusion für intensive Pflege
💨 200 Mio. negative Ionen für sichtbar glatteres Haar
✨ Seidig, geschmeidig, gesund glänzend

Einfach trocknen – und gleichzeitig pflegen.",#LaifenNeo #LaifenFöhn #Föhn #Laifen,,,,,,,,,,,
2026-04-08 00:00:00,Wed,,,,,,,,,Brand,NEO 快干,,"Trocken in nur 3 Minuten – kraftvoll und schonend zugleich.
Ein 110.000 U/min Motor mit 22 m/s Luftstrom trocknet dein Haar in Rekordzeit, während intelligente Temperaturkontrolle Frizz reduziert und den natürlichen Glanz bewahrt. Für ein Finish wie im Salon.",#LaifenNeo #LaifenFöhn #Föhn #Laifen,,,,,,,,,,,
2026-04-09 00:00:00,Thu,Brand,Wave Proi美图,,"A soft pink moment for your everyday routine 💗 
Meet the toothbrush that looks good and works even better.
✨ WaveMotion Tech: 60° oscillation + 66,000 vibrations/min for fast, pro-level cleaning
✨ Up to 70-day battery life + wireless charging for effortless use 
Learn more: https://bit.ly/m/laifenshop",,,,,Brand,NEO 快干,,"Trocken in nur 3 Minuten – schnell, einfach, effizient.
Ein 110.000 U/min Motor mit 22 m/s Luftstrom sorgt für starke Performance und verkürzt deine Trocknungszeit deutlich – perfekt für den Alltag.",#LaifenNeo #LaifenFöhn #Föhn #Laifen,,,,,,,,,,,
2026-04-10 00:00:00,Fri,Inspiration,"KOL Repost
 (Do Not Repost)",,"When you’ve got 20 minutes to get ready before a family party…
And your hair is still wet

Laifen SE 2 = handled
🎥: @tomi.timetraveler

Learn more: https://bit.ly/m/laifenshop

#hairdryer #highspeed #Laifen #Laifenhairdryer",#hairdryer #highspeed #Laifen #Laifenhairdryer,,,,Brand,Neo 智能控温,,"Keine Hitzeschäden. Nur gesund glänzendes Haar.
Die Neo Series steht für intelligente Temperaturkontrolle, die 100× pro Sekunde misst und anpasst – damit die Hitze immer im sicheren Bereich bleibt.
✨ Schonend zur Haarstruktur
⚡ Schnelles Trocknen in wenigen Minuten
🧠 Smarte Kontrolle in Echtzeit",#LaifenNeo #LaifenFöhn #Föhn #Laifen,,,,,,,,,,,
2026-04-11 00:00:00,Sat,,"KOL Repost
 (Do Not Repost)",,,,,,,,,,,,,,,,,,,,,,
2026-04-12 00:00:00,Sun,Community,"KOL Repost
 (Do Not Repost)",,"Curly hair done right 🙌
Using the diffuser nozzle to keep curls soft and defined—no extra frizz.
Laifen SE 2 in action.
🎥 Credit: @arinamartirosyan",#Laifen #LaifenSE2 #CurlyHair #Diffuser,,,,Brand,Neo 模特,,"Schnell trocknen, mehr Zeit zusammen genießen.
Laifen Neo.",#LaifenNeo #LaifenFöhn #Föhn #Laifen,,,,,,,,,,,
2026-04-13 00:00:00,Mon,Brand,沃尔玛进店预热,,"Laifen at Walmart.
Coming mid April.",#Walmart #hairdryer #laifen,,,,,,,,,,,,,,,,,,,
2026-04-14 00:00:00,Tue,,,,,,,,,,,,,,,,,,,,,,,,
2026-04-15 00:00:00,Wed,,,,,,,,,Brand,Neo s 模特,,"Ausgewogene Leistung für jeden Haartyp.
Ob glatt, gewellt oder lockig – der Neo Special sorgt für schnelles Trocknen mit präziser Temperaturkontrolle, ohne Hitzeschäden.",#LaifenNeo #LaifenFöhn #Föhn #Laifen,,,,,,,,,,,
2026-04-16 00:00:00,Thu,Community,红人视频转载,,"Gentle care for little curls 💛
🎥 Credit: @laii.lo",#Laifen #Laifenhairdryer,,,,,,,,,,,,,,,,,,,
2026-04-17 00:00:00,Fri,,,,,,,,,,,,,,,,,,,,,,,,
2026-04-18 00:00:00,Sat,Brand,沃尔玛进店,,"Laifen SE Air & More
New at Walmart: https://bit.ly/4s15nyM",#Walmart #Laifen #Hairdryer,,,,Education,Neo Special 模特图,,"Salon-Styling – ganz einfach zu Hause.
Magnetische Aufsätze für jeden Look.",#LaifenNeo #LaifenFöhn #Föhn #Laifen,,,,,,,,,,,
2026-04-19 00:00:00,Sun,Education,P3 Pro how to 物料,,How to shave with P3 Pro (the right way),#Laifen #Shaver #ElectricShaver,,,,Education,P3 Pro how to 物料,,So rasierst du dich mit dem P3 Pro – richtig,#Laifen #Rasierer #LaifenElektrorasierer,,,,,,,,,,,
2026-04-20 00:00:00,Mon,Brand,沃尔玛进店,,"Now closer than ever.

Meet Laifen at Walmart —
available in 3000+ stores nationwide.

Your next upgrade? It’s already waiting for you.

#Laifen #Walmart #NowAvailable #HairDryer #EverydayUpgrade",#LaifenHairdryer,,,,Brand,Neo场景,,"Familienmomente, die bleiben. 💛
Mit dem Laifen Neo wird das Styling zum gemeinsamen Ritual – schnell, sanft und für jedes Alter geeignet.",#LaifenNeo #LaifenFöhn #Föhn #Laifen,,,,,,,,,,,
2026-04-21 00:00:00,Tue,Brand,"KOL Repost
 (Do Not Repost)",,"Meet the Laifen SE Air, now available at your nearby Walmart.

Credit: @mylifedailyblog",#Walmart #Laifen #Hairdryer,,,,Brand,"KOL Repost
 (Do Not Repost)",,"Der Laifen P3 Pro mit 3-fach Scherkopf-System sorgt für eine mühelose und effiziente Rasur.
IPX7 wasserdicht für den ganzen Körper – und dank seines kompakten Designs der perfekte Begleiter für Reisen und Geschäftsreisen.

Mehr erfahren: https://bit.ly/m/laifende

📹: @peaceoot",#Laifen #Rasierer #LaifenElektrorasierer,,,,,,,,,,,
2026-04-22 00:00:00,Wed,Brand,"KOL Repost
 (Do Not Repost)",,"Meet the Laifen SE Air, now at Walmart.
Don’t miss the best price—check it out via the link in bio.

Credit: @iselinjt",#Walmart #Laifen #Hairdryer,,,,Brand,Neo/Neo S HOW TO,-,"Laifen Neo Schnellstart-Anleitung | Auspacken & Anwendung

Neu beim Laifen Neo? Diese Schnellstart-Anleitung zeigt dir alles – vom Auspacken bis zur ersten Anwendung.


--
Laifen Neo Special Schnellstart-Anleitung | Auspacken & Anwendung

Du hast den Laifen Neo Special gerade erhalten? Starte hier.
Diese Anleitung führt dich Schritt für Schritt durch Auspacken, Einrichtung und Anwendung.",#LaifenNeo #LaifenFöhn #Föhn #Laifen,,,,,,,,,,,
2026-04-23 00:00:00,,Brand,"KOL Repost
 (Do Not Repost)",,"Meet the Laifen SE Air Hair Dryer 💨
Now available at Walmart for just $79.97 — grab it online or at a store near you.

Lightweight, fast drying, and made for everyday ease.

Shop now via link in bio.

🎥 Credit: @jazsat",#Walmart #Laifen #Hairdryer,,,,Community,Giveaway上线,,"🎉 Gewinnspiel: Der Vatertag steht vor der Tür – gewinne den Laifen P3 Pro für deinen Vater oder einen Vater in deinem Umfeld! ❤️
Der Laifen P3 Pro sorgt mit seinem 3-fach Scherkopf-System für eine gründliche und mühelose Rasur.
 Kompakt, wasserdicht und perfekt für den Alltag oder auf Reisen. ✨

🎁 So nimmst du teil
1. Folge @laifen_De 
2. Like diesen Beitrag 
3. Kommentiere, was dir am P3 Pro am besten gefällt und warum du ihn deinem Vater oder einem Familienmitglied bzw. Freund, der bereits Vater ist, schenken möchtest.
 (Tipp: Mehr Infos findest du über den Link in unserer Bio)
(Tipp: Mehr Infos findest du hier: [Link einfügen])

🎁 Preis
🎁 P3 Pro ×3

⏰ Teilnahmezeitraum & Gewinnerauswahl
Das Gewinnspiel endet am 30. April um 23:59 Uhr (Berliner Zeit).
Die Gewinner werden nach dem Zufallsprinzip aus den Kommentaren ausgewählt und per Direktnachricht benachrichtigt. Insgesamt werden 3 Gewinner ausgewählt.

*Dieses Gewinnspiel steht in keiner Verbindung zu Facebook oder Instagram und wird in keiner Weise von ihnen gesponsert, unterstützt oder organisiert.",-,,,,,,,,,,,
2026-04-24 00:00:00,Fri,Brand,母亲节预热,,"What’s something your mom has used for years and refuses to replace?
Like her old hair dryer — “It still works!” 😂

💬 Comment below and tell us yours 👇

🎁 One lucky winner will receive a Laifen MINI

⏳ Giveaway ends May 1
📩 The winner will be contacted via DM",,,,,,,,,,,,,,,,,,,,
2026-04-25 00:00:00,Sat,Brand,"KOL Repost
 (Do Not Repost)",,"5-Minute Hair, Ready to Go 💨 | Laifen SE 2

🎥 Credit: @habibti.boushra",#Laifen #Laifenhairdryer,,,,,,,,,,,,,,,,,,,
2026-04-26 00:00:00,Sun,,,,,,,,,,,,,,,,,,,,,,,,
2026-04-27 00:00:00,Mon,Brand,母亲节KV,,"Give Her the Gift of Glow ✨

Save up to 25% this Mother’s Day: XXXX","
#laifen #mothersday #hairdryer #toothbrush #laifenhairdryer",,,,,,,,,,,,,,,,,,,
2026-04-28 00:00:00,Tue,Brand,母亲节Giveaway,,"Mother’s Day Giveaway 💛
“This one still works.” — but she’s been using it for years.

💬 Follow @laifen_tech and comment one reason you want to upgrade your mom’s hair routine. We’re reading every single one.

🎁 We’re upgrading 3 moms with a Laifen SE 2 High-Speed Hair Dryer — one she’ll actually use every day.

📅 Ends May 5, 10 PM EDT
📩 Winners will be contacted via DM

Because maybe… it is time for an upgrade 😉

*Not sponsored or endorsed by Facebook or Instagram. 18+. No purchase necessary. Winners contacted via @laifen_tech only—beware of scams.
","
#LaifenMothersDay #ThingsMomsSay #MothersDay",,,,,,,,,,,,,,,,,,,
2026-04-29 00:00:00,Wed,Brand,Last Minute Guide,,"This Mother’s Day, give her more than a gift—give her time, confidence, and that salon-fresh feeling at home 💐

✨ Meet the Laifen SE 2 High-Speed Hair Dryer
– Fast drying in minutes (1–5 min depending on hair length)
– 200M negative ions for smooth, shiny, frizz-free hair
– Lightweight, quiet, and designed for everyday comfort

Because she deserves effortless beauty—every single day 💛

🎁 Shop now & make her routine feel like self-care","
#happymothersday #giftideas #mom #Laifen #LaifenMothersDay ",,,,Brand,,,,,,,,,,,,,,,
2026-04-30 00:00:00,Thu,Brand,Last Minute Guide,,"For the mom who deserves something extra special this Mother’s Day 💝

✨ The Laifen Swift Premium Love-Bound Box
– A stunning gift-ready design she’ll love at first sight
– 110,000 RPM high-speed motor for fast, salon-quality blowouts at home
– 200M negative ions for smoother, shinier, frizz-free hair
– Smart temperature control (100x/sec) to protect her hair every day
– Complete set with styling attachments, travel bag & more—everything she needs in one box

🎁 Shop now & make her routine feel like self-care","
#happymothersday #giftideas #mom #Laifen #LaifenMothersDay ",,,,,,,,,,,,,,,,,,,
,,,,,,,,,,,,,,,,,,,,,,,,,
,,,,,,,,,,,,,,,,,,,,,,,,,
,,,,,,,,,,,,,,,,,,,,,,,,,
,,,,,,,,,,,,,,,,,,,,,,,,,
,,,,,,,,,,,,,,,,,,,,,,,,,
,,,,,,,,,,,,,,,,,,,,,,,,,
