,,1. Women's Day 2. Wave Pro 3. St. Patrick’s Day,,,,,,,,,,,,,,,,,,,,,,,
Date,Day,Pillar,Focus,Asset,Post Copy,Hashtags ,Note,Content Type,FOR DE→,Pillar,Focus,Asset,Post Copy,Hashtags ,Content Type,,,,,,,,,,
2026-03-01 00:00:00,Sun,Brand,"妇女节短片 #1
US/DE通发",,"Every Brave Step Forward | Laifen #TrySomethingNew
Every change begins with a choice.
A step forward.
A moment of courage.
Make the change.
Move with confidence.
With her. For her.",#TryNewWithLaifen #Laifen,,,,Brand,妇女节 KV上线,,"Auf Neugier.
Auf Innovation.
Auf Dich.",#Laifen #TrySomethingNew #TryNewWithLaifen,,,,,,,,,,,
2026-03-01 00:00:00,Sun,Brand,妇女节- UGC活动开始,,"Try something new.
A big change isn’t required.
Just one small step — taken out of curiosity.
This March, we invite you to share one new thing you tried — a moment, a routine, or a choice. Anything that felt new to you.
How to join:
1. Follow Laifentech
2. Share a photo or short video
 Post your moment of trying something new with
 #TryNewWithLaifen
🎁 Tiered Prizes:
🥇 1 Grand Prize (1 winner):
 Laifen MINI + Laifen Wave Special + Laifen P3 Pro
🥈 Second Prize (2 winners):
 MINI + Wave Special
🥉 Third Prize (3 winners):
 Laifen Wave Special Electric Toothbrush
3. Prefer to share in words?
 Comment below and tell us your story in one sentence
🎁 $15 (US/CA/UK) or €15 (EU) Laifen coupon
Timeline: March 1 – March 22
Winners will be selected by the Laifen team and contacted via DM. Final winners will be announced within 5 business days after the campaign ends. Open to residents of the US, CA, UK, and EU only. Participants must be 18+.
By joining #TryNewWithLaifen, you agree that Laifen may use your content for brand and UGC compilation purposes.",#Laifen #TryNewWithLaifen #TrySomethingNew,,,,Brand,妇女节- UGC活动开始,,"Probier mal was Neues aus.
Eine große Veränderung ist nicht nötig.
Manchmal reicht ein kleiner Schritt — aus Neugier.
Diesen März laden wir dich ein,
etwas Neues zu teilen, das du ausprobiert hast —
ein Moment, eine Routine oder eine Entscheidung.
Alles, was sich für dich neu angefühlt hat.
So nimmst du teil:
1. Folge Laifen Deutschland
2. Kommentiere deine Geschichte unten.
🎁 Mit etwas Glück gewinnst du ein Laifen-Produkt (1 Gewinner/in)
Teilnahmezeitraum: 1. März – 16. März
Der Gewinner wird vom Laifen Team ausgewählt und per Direktnachricht (DM) kontaktiert.
Die Bekanntgabe erfolgt innerhalb von 5 Werktagen nach Aktionsende.
Teilnahme nur für Personen mit Wohnsitz in Deutschland.
Mit der Teilnahme an #TryNewWithLaifen erklärst du dich damit einverstanden,
dass Laifen deine Inhalte für Marken- und UGC-Zwecke verwenden darf.",#Laifen #TryNewWithLaifen #TrySomethingNew,,,,,,,,,,,
2026-03-01 00:00:00,Sun,Brand,"妇女节KV
US/DE通发",,"Try something new
To curiosity, to innovation, to you",#Laifen #TryNewWithLaifen #TrySomethingNew,,,,,,,,,,,,,,,,,,,
2026-03-02 00:00:00,Mon,,,,,,,,,,,,,,,,,,,,,,,,
2026-03-03 00:00:00,Tue,Brand,"妇女节短片 #2
US/DE通发",,"Every Brave Step Forward | Laifen #TrySomethingNew
Every change begins with a choice.
A step forward.
A moment of courage.
Make the change.
Move with confidence.
With her. For her.",#TryNewWithLaifen #Laifen,,,,Community,Wave Pro美图,,"Werfen Sie einen genaueren Blick auf die brandneue Laifen Elektrische Zahnbürste - Wave Pro

Bald erhältlich, diesen März!",#Laifen #Zahnbürste #ElektrischeZahnbürste #LaifenWave #WaveMotion,,,,,,,,,,,
2026-03-04 00:00:00,Wed,Community,妇女节短片 #3,,"A Different Way Ahead | Laifen #TrySomethingNew
Sometimes, nothing needs to change —
except the way you choose to see it.
A new direction.
A new rhythm.
Trying something new
isn’t about leaving the familiar.",#Laifen #TryNewWithLaifen,,,,,,,,,,,,,,,,,,,
2026-03-05 00:00:00,Thu,Community,"Wave Pro 科普互动 #1
Quiz",,"What’s the brushing method dentists actually recommend? 🪥
Tell us your answer in the comments 👇

🎁 One lucky winner will receive a Laifen Wave Pro Electric Toothbrush.
⏳ Giveaway ends March 10.
The winner will be contacted via DM.",#Laifen #ElectricToothbrush #LaifenWave #WaveMotion,,,,Community,"Wave Pro 科普互动 #1
Quiz",,"Welche Putztechnik wird von Zahnärzten tatsächlich empfohlen? 🪥
Schreib deine Antwort in die Kommentare 👇

🎁 Ein glücklicher Gewinner erhält eine Laifen Wave Pro elektrische Zahnbürste.
⏳ Das Gewinnspiel endet am 10. März.
Der Gewinner wird per DM kontaktiert.",#Laifen #Zahnbürste #ElektrischeZahnbürste #LaifenWave #WaveMotion,,,,,,,,,,,
2026-03-06 00:00:00,Fri,Community,"Wave Pro 科普解释 #1
#WaveMotion",,"Quiz #1 Answer revealed 👀
Yesterday’s question was:
Which brushing method do dentists actually recommend?
The answer is the Bass technique.
This method focuses on placing the bristles at a slight angle toward the gumline, using small vibrating movements to remove plaque where it most often builds up.
But in daily brushing, maintaining this precise motion isn’t always easy.
That’s where Laifen Wave Pro comes in.
Powered by WaveMotion™ Technology, it combines 60° oscillation with up to 66,000 vibrations per minute, helping guide a brushing motion closer to the cleaning logic dentists recommend.
Paired with a multi-functional bristle design and a soft gum-protective coating, Wave Pro helps deliver a deeper clean — even between teeth — while staying gentle on gums.
Swipe to learn more. 
Learn more about Wave Pro:
https://bit.ly/m/laifenshop",#Laifen #LaifenWave #LaifenElectricToothbrush #Toothbrush #WaveMotion,,,,Community,"Wave Pro 科普解释 #1
#WaveMotion",,"Quiz #1 – Antwort enthüllt 👀
Die gestrige Frage lautete:
Welche Putztechnik empfehlen Zahnärzte tatsächlich?
Die richtige Antwort ist die Bass-Methode.
Dabei werden die Borsten leicht zum Zahnfleischrand geneigt und mit kleinen vibrierenden Bewegungen geführt, um Plaque genau dort zu entfernen, wo sie sich am häufigsten bildet.
Im Alltag ist es jedoch nicht immer einfach, diese präzise Bewegung konstant beizubehalten.
Hier setzt die Laifen Wave Pro an.
Dank der WaveMotion™ Technologie, die 60° Oszillation mit bis zu 66.000 Vibrationen pro Minute kombiniert, entsteht eine Putzbewegung, die näher an der von Zahnärzten empfohlenen Reinigung liegt.
In Kombination mit dem multifunktionalen Borstendesign und einer sanften, zahnfleischschützenden Beschichtung ermöglicht die Wave Pro eine gründliche Reinigung – auch in den Zahnzwischenräumen.
Swipe, um mehr zu erfahren. 🪥
Mehr über die Wave Pro erfahren: https://bit.ly/m/laifenshop",#Laifen #Zahnbürste #ElektrischeZahnbürste #LaifenWave #WaveMotion,,,,,,,,,,,
2026-03-06 00:00:00,Fri,,"Wave Pro 科普互动 #2
Quiz",,"When brushing, does applying more force mean better cleaning? Tell us your answer in the comments 👇
🎁 One lucky winner will receive a Laifen Wave Pro Electric Toothbrush.
⏳ Giveaway ends March 10.
The winner will be contacted via DM. ",#Laifen #ElectricToothbrush #LaifenWave #WaveMotion #Quiz,,,,Community,"Wave Pro 科普互动 #2
Quiz",,"Bedeutet mehr Druck beim Zähneputzen automatisch bessere Reinigung? 
Schreib deine Antwort in die Kommentare 👇
🎁 Ein glücklicher Gewinner erhält eine Laifen Wave Pro elektrische Zahnbürste.
⏳ Das Gewinnspiel endet am 10. März.
Der Gewinner wird per DM kontaktiert.",#Laifen #Zahnbürste #ElektrischeZahnbürste #LaifenWave #WaveMotion #Quiz,,,,,,,,,,,
2026-03-07 00:00:00,Sat,Community,"Wave Pro 科普解释 #2
#WaveMotion",,"Quiz #2 Answer revealed 👀
Yesterday’s question was:
When brushing, does applying more force mean better cleaning?
The answer is no.
Brushing harder does not remove more plaque. In fact, excessive pressure can wear down enamel and irritate your gums over time.
Effective brushing comes from controlled, consistent motion — not force.
That’s why Laifen Wave Pro is equipped with a Smart Pressure Sensor.
When brushing pressure becomes too strong, the system alerts you, helping prevent unintentional over-brushing.
Combined with dual cleaning modes and customizable brushing settings in the app, Wave Pro adapts to different brushing habits and oral care needs.
Better brushing isn’t about more force.
It’s about the right pressure.
Swipe to learn more. 
Learn more about Wave Pro:
https://bit.ly/m/laifenshop",#Laifen #LaifenWave #LaifenElectricToothbrush #Toothbrush #WaveMotion,,,,Community,"Wave Pro 科普解释 #2
#WaveMotion",,"Quiz #2 – Antwort enthüllt 👀
Die gestrige Frage lautete:
Bedeutet mehr Druck beim Zähneputzen automatisch eine bessere Reinigung?
Die Antwort lautet nein.
Zu starkes Putzen entfernt nicht mehr Plaque. Im Gegenteil – zu viel Druck kann mit der Zeit Zahnschmelz abnutzen und das Zahnfleisch reizen.
Eine effektive Reinigung entsteht durch kontrollierte und gleichmäßige Bewegungen, nicht durch Kraft.
Deshalb ist die Laifen Wave Pro mit einem intelligenten Drucksensor ausgestattet.
 Wenn beim Putzen zu viel Druck ausgeübt wird, erinnert das System daran, die Kraft zu reduzieren.
In Kombination mit Dual-Mode-Reinigung und individuell anpassbaren Einstellungen in der App passt sich die Wave Pro verschiedenen Putzgewohnheiten und Bedürfnissen an.
Gutes Zähneputzen bedeutet nicht mehr Kraft –
 sondern die richtige Kontrolle.
Swipe, um mehr zu erfahren.
Mehr über die Wave Pro erfahren:
https://bit.ly/m/laifenshop",#Laifen #Zahnbürste #ElektrischeZahnbürste #LaifenWave #WaveMotion,,,,,,,,,,,
2026-03-08 00:00:00,Sun,Community,"Wave Pro 科普互动 #3
Quiz",,"How long should a brushing session last?
🎁 One lucky winner will receive a Laifen Wave Pro Electric Toothbrush.
⏳ Giveaway ends March 10.
The winner will be contacted via DM.",#Laifen #ElectricToothbrush #LaifenWave #WaveMotion #Quiz,,,,Community,"Wave Pro 科普互动 #3
Quiz",,"Wie lange sollte eine Zahnputz-Session dauern?
Schreib deine Antwort in die Kommentare 👇
🎁 Ein glücklicher Gewinner erhält eine Laifen Wave Pro elektrische Zahnbürste.
⏳ Das Gewinnspiel endet am 10. März.
Der Gewinner wird per DM kontaktiert.",#Laifen #Zahnbürste #ElektrischeZahnbürste #LaifenWave #WaveMotion #Quiz,,,,,,,,,,,
2026-03-09 00:00:00,Mon,Community,"Wave Pro 科普解释 #3
#WaveMotion",,"Quiz #3 Answer revealed 👀
How long should a brushing session last?
The answer is 2 minutes.
Dentists generally recommend brushing for at least two minutes, allowing enough time to clean all areas of the mouth.
But in everyday life, many people brush too quickly or unevenly, often missing certain areas.
That’s why Laifen Wave Pro features a Smart Timer with 30-second reminders, helping guide you through each section of your mouth for a more balanced clean.
With up to 70 days of battery life, it’s designed to support a consistent brushing routine without frequent charging interruptions.
Good brushing isn’t about brushing longer.
 It’s about brushing just right.
Swipe to learn more.
Learn more about Wave Pro: https://bit.ly/m/laifenshop",#Laifen #LaifenWave #LaifenElectricToothbrush #Toothbrush #WaveMotion,,,,Community,"Wave Pro 科普解释 #3
#WaveMotion",,"Quiz #3 – Antwort enthüllt 👀
Wie lange sollte eine Zahnputz-Session dauern?
Die richtige Antwort ist 2 Minuten.
Zahnärzte empfehlen in der Regel, die Zähne mindestens zwei Minuten lang zu putzen, damit alle Bereiche im Mund ausreichend gereinigt werden.
Im Alltag putzen viele Menschen jedoch zu kurz oder ungleichmäßig, wodurch manche Bereiche leicht übersehen werden.
Die Laifen Wave Pro verfügt deshalb über einen intelligenten Timer mit 30-Sekunden-Erinnerungen, der dabei hilft, jede Zone im Mund gleichmäßig zu reinigen.
Mit einer Akkulaufzeit von bis zu 70 Tagen unterstützt sie außerdem eine langfristig stabile und komfortable Putzroutine.
Gutes Zähneputzen bedeutet nicht länger zu putzen –
 sondern genau richtig.
Swipe, um mehr zu erfahren.
Mehr über die Wave Pro erfahren:
https://bit.ly/m/laifenshop",#Laifen #Zahnbürste #ElektrischeZahnbürste #LaifenWave #WaveMotion,,,,,,,,,,,
2026-03-10 00:00:00,,,,,,,,,,Brand,春促海报上线,,"Neuer Frühling, neues Du.
Bis zu 38% Rabatt: ",#Laifen #Sale,,,,,,,,,,,
2026-03-10 00:00:00,Tue,Brand,"Wave Pro
正式开售",,"Meet the Laifen Wave Pro Electric Toothbrush — designed for those who want a pro-level, smart, and truly effortless brushing experience, Laifen Wave Pro brings professional performance into your everyday routine. 
Learn more: https://bit.ly/m/laifenshop
#Laifen #ElectricToothbrush #LaifenWave #WaveMotion",#Laifen #ElectricToothbrush #LaifenWave #WaveMotion,,,,Brand,"Wave Pro
正式开售",,"Meet the Laifen Wave Pro Toothbrush — developed for those who want a professional, smart and effortlessly effective dental cleaning. The Laifen Wave Pro brings powerful pro technology right into your daily routine.
Find out more: https://bit.ly/m/laifende
#Laifen #Zahnbürste #ElektrischeZahnbürste #LaifenWave #WaveMotion",#Laifen #Zahnbürste #ElektrischeZahnbürste #LaifenWave #WaveMotion,,,,,,,,,,,
2026-03-11 00:00:00,Wed,Brand,One Page卖点合集,,"Introducing Laifen Wave Pro — designed to bring a professional clean into your daily routine.
Powered by WaveMotion™ Technology, Wave Pro combines 60° oscillation and  66,000 vibrations/min to help remove plaque more effectively along the gumline and between teeth.
Here’s what makes Wave Pro stand out:
• 60° Oscillations for effective deep cleaning
• Brand-New Brush Heads Pro
• Dual-Mode Cleaning System – Daily Clean & Deep Clean
• Smart Pressure Sensor to help protect gums
• Personalized Care with App
• Up to 70 Days Battery Life
• IPX8 Waterproof
Easy to be a brushing pro.
Learn more: https://bit.ly/m/laifenshop
#Laifen #LaifenWave #LaifenElectricToothbrush #Toothbrush #WaveMotion",#Laifen #ElectricToothbrush #LaifenWave #WaveMotion,,,,Brand,One Page卖点合集,,"Meet the Laifen Wave Pro – developed for professional-level cleaning in everyday life.
Thanks to WaveMotionTM technology, the Wave Pro combines 60° oscillation with 66,000 vibrations per minute to provide a deeper clean along the gum edge and between the teeth.
That's what makes Wave Pro special:
• 60° oscillation cleaning for effective plaque removal
• Two-mode cleaning system – Daily Clean & Deep Clean
• Smart pressure sensor to protect gums and tooth enamel
• Brand new pro brush heads for a more precise cleaning
• Personalized care with app
• Up to 70 days of battery life
• IPX8 Waterproof
Easy to be a brushing pro.
Find out more: https://bit.ly/m/laifende
#Laifen #Zahnbürste #ElektrischeZahnbürste #LaifenWave #WaveMotion",#Laifen #Zahnbürste #ElektrischeZahnbürste #LaifenWave #WaveMotion,,,,,,,,,,,
2026-03-11 00:00:00,Wed,Brand,短视频转载,,"What’s actually inside the Laifen Wave Pro? 👀

Take a look at the world's first oscillation & vibration electric toothbrush

Discover Wave Pro: https://bit.ly/m/laifenshop

🎥 Credit: @bbbigdeer

#Laifen #LaifenWavePro #ElectricToothbrush #OralCare #TechInside #DailyRoutine",#Laifen #LaifenWavePro #ElectricToothbrush #OralCare #TechInside #DailyRoutine,,,,,,,,,,,,,,,,,,,
2026-03-12 00:00:00,Thu,Brand,Wave Pro - Giveaway,,"🎁 Wave Pro Giveaway is Here!
To celebrate the launch of our Laifen Wave Pro Electric Toothbrush, we’re giving our community the chance to experience a new brushing routine.
🎁 Prizes:
 5 winners will each receive a Laifen Wave Pro Electric Toothbrush!
How to enter:
 1️⃣ Like this post ❤️
 2️⃣ Follow @laifen_tech
 3️⃣ Tag 2 friends who care about their smile 😁
⭐ Bonus: Share this post in your Story for an extra entry!
📅 Entry ends: March 22, 2026, 11:59 PM ET
📍 Open to residents of the US, Canada, EU, and UK

🏆 Winners will be contacted via DM within 3 business days after the giveaway ends.
Learn more about the Wave Pro via the bio link.

⚠️ This promotion is in no way sponsored, endorsed, or administered by, or associated with Instagram. By entering, participants confirm they are 13+ years of age, release Instagram of all responsibility, and agree to Instagram’s Terms of Use.",#Laifen #LaifenWave #Giveaway #ElectricToothbrush #LaifenWave #WaveMotion,,,,Community,Wave Pro - Giveaway,,"🎁 Wave Pro Giveaway ist da!

Zur Feier der Einführung unserer Laifen Wave Pro elektrischen Zahnbürste geben wir unserer Community die Chance, eine neue Art des Zähneputzens zu erleben.

🎁 Preise:
3 Gewinner erhalten jeweils eine Laifen Wave Pro elektrische Zahnbürste!

So kannst du teilnehmen:
1️⃣ Like diesen Beitrag ❤️
2️⃣ Folge @laifen_de
3️⃣ Markiere 2 Freunde, die sich ebenfalls über ein strahlendes Lächeln freuen würden 😁

⭐ Bonus: Teile diesen Beitrag in deiner Story für eine zusätzliche Gewinnchance!

📅 Teilnahmeschluss: 22. März 2026, 23:59 Uhr (MEZ)

📍 Teilnahmeberechtigt sind nur Einwohner Deutschlands

🏆 Die Gewinner werden innerhalb von 3 Werktagen per DM nach Ende des Gewinnspiels kontaktiert.

Mehr über die Wave Pro erfahren über den Link in der Bio @laifen_de

⚠️ Dieses Gewinnspiel steht in keiner Verbindung zu Instagram und wird in keiner Weise von Instagram gesponsert, unterstützt oder organisiert. Mit der Teilnahme bestätigen die Teilnehmer, dass sie mindestens 13 Jahre alt sind, Instagram von jeglicher Verantwortung freistellen und den Nutzungsbedingungen von Meta zustimmen.",#Laifen #LaifenWave #Giveaway #ElektrischeZahnbürste #LaifenWave #WaveMotion,,,,,,,,,,,
2026-03-13 00:00:00,,Education,HOW TO 视频发布,,"How to Use Your Laifen Wave Pro Electric Toothbrush
Learn more about the Wave Pro: https://bit.ly/m/laifenshop",#Laifen #ElectricToothbrush #LaifenWave #WaveMotion,,,,Brand,春促互动,,Frühling bedeutet Neuanfang.,,,,,,,,,,,,
2026-03-14 00:00:00,,,,,,,,,,Brand,春促互动,,"Der Frühling ist die Zeit für kleine Neuanfänge.

Frischer Start am Morgen.
Sanfte Pflege am Abend.

Eine einfache Routine für jeden Tag.

Jetzt bis zu 38 % sparen: https://bit.ly/m/laifende
","
#Laifen #ElektrischeZahnbürste #Haartrockner #LaifenWave #LaifenMini #LaifenNeo",,,,,,,,,,,
2026-03-15 00:00:00,,,,,,,,,,Brand,春促互动,,"🍃Neuer Frühling, neues Du.
Jetzt bis zu 38 % sparen: https://bit.ly/m/laifende",#Laifen #ElektrischeZahnbürste #Haartrockner #LaifenWave #LaifenMini,,,,,,,,,,,
2026-03-16 00:00:00,,,,,,,,,,Brand,春促互动,,"🍃Neuer Frühling, neues Du.
Jetzt bis zu 38 % sparen: https://bit.ly/m/laifende",#Laifen #ElektrischeZahnbürste #Haartrockner #LaifenWave #LaifenMini,,,,,,,,,,,
2026-03-17 00:00:00,Tue,Brand,"KOL Repost
 (Do Not Repost)",,"Morning moves fast, and the Laifen Wave Pro keeps up.
Credit: @r6katanaa",#Laifen #LaifenWave #WaveMotion #MorningRoutine,,,,Brand,春促互动,,"🍃Neuer Frühling, neues Du.
Jetzt bis zu 38 % sparen: https://bit.ly/m/laifende",#Laifen #ElektrischeZahnbürste #Haartrockner #LaifenWave #LaifenMini,,,,,,,,,,,
2026-03-18 00:00:00,Wed,Brand,春促,,"Spring feels like ______ 🌸
Tell us in the comments 👇

🎁 One lucky winner from the comment section will receive a Laifen MINI Hair Dryer.
⏳ Giveaway ends March 25, 12 PM ET.
Open to US, CA, UK, and EU residents only.
The winner will be contacted via DM.",#Laifen #LaifenHairDryer #HairDryer #Spring #LaifenMini,,,,Brand,春促互动,,"🍃Neuer Frühling, neues Du.
Jetzt bis zu 38 % sparen: https://bit.ly/m/laifende",#Laifen #ElektrischeZahnbürste #Haartrockner #LaifenWave #LaifenMini,,,,,,,,,,,
2026-03-19 00:00:00,Thu,Brand,春促-AI视频,,"New Season, New Shine",#Spring #Laifen #laifenHairdryer #Laifenmini,,,,Brand,春促互动,,Bitte überprüfe dein Lächeln.,,,,,,,,,,,,
2026-03-20 00:00:00,Fri,Brand,春促-AI视频,,"New Season, New Shine
Up to 30% Off: https://bit.ly/m/laifenshop
",#Spring #Laifen #laifenHairdryer #LaifenSE2,,,,,,,,,,,,,,,,,,,
2026-03-21 00:00:00,Sat,Brand,春促-KV,,"New Season, New Shine
Up to 30% Off: https://bit.ly/m/laifenshop
",#laifen #laifenhairdryer #sale,,,,,,,,,,,,,,,,,,,
2026-03-22 00:00:00,Sun,Community,春促- 互动,,"From 8:00 A.M. to 10:30 P.M.
A routine that moves with you",#Spring #Laifen,,,,,,,,,,,,,,,,,,,
,,,,,,,,,,,,,,,,,,,,,,,,,
2026-03-23 00:00:00,Mon,Brand,春促- 产品,,"New Season, New Shine
Up to 30% Off: https://bit.ly/m/laifenshop
",#laifen #laifenhairdryer #sale,,,,,,,,,,,,,,,,,,,
2026-03-24 00:00:00,Tue,Brand,春促- 产品,,"New Season, New Shine
Up to 30% Off: https://bit.ly/m/laifenshop",#laifen #laifenhairdryer #sale,,,,,,,,,,,,,,,,,,,
2026-03-25 00:00:00,Wed,Brand,世界第一,,"World’s No.1 High-Speed Hair Dryer Brand — Laifen

20M+ users worldwide
60+ countries
600+ patents
30+ awards
",#Laifen #LaifenHairDryer #HairDryer #No1Brand #HairCare,,,,Brand,世界第一,-,-,,,,,,,,,,,,
2026-03-26 00:00:00,Thu,Brand,春促视觉互动,,👀,,,,,,,,,,,,,,,,,,,,
2026-03-27 00:00:00,Fri,Community,"#TryNewWithLaifen
开奖",,"This month, we celebrated women choosing something for themselves.
Not big changes.
Not perfect moments.
Just small steps —
trying, exploring, and putting themselves first.
💜 Here are some of the stories that inspired us.",#TryNewWithLaifen #TrySomethingNew,,,,,,,,,,,,,,,,,,,
2026-03-27 00:00:00,Fri,,,,,,,,,Brand,Neo 预热,,Es ist neu.,#LaifenNeo #LaifenFöhn #Föhn #Laifen,,,,,,,,,,,
2026-03-28 00:00:00,Sat,Brand,Wave Pro美图,,"Just part of the routine.

Laifen Wave Pro fits right in — sleek, simple, and seriously effective.
A better clean, every day.",#Laifen #ElectricToothbrush #LaifenWave #WaveMotion,,,,Brand,Neo S 预热,,Sichtbarer Glanz.,#LaifenNeo #LaifenFöhn #Föhn #Laifen,,,,,,,,,,,
2026-03-30 00:00:00,Mon,Community,"#TryNewWithLaifen
红人",,"Trying something new looks different for everyone 
From stepping out of your comfort zone,
to finding a better way,
to simply choosing what works for you.
We’re proud to see how our partners are embracing something new in their own way 💜
Thank you for sharing your stories with us.",#TryNewWithLaifen #Trysomethingnew,,,,Inspiration,Wave Pro美图,,"Einfach Teil deiner Routine.
Die Laifen Wave Pro passt perfekt dazu — schlank, minimalistisch und beeindruckend effektiv.
Für eine bessere Reinigung, jeden Tag.",#Laifen #Zahnbürste #ElektrischeZahnbürste #LaifenWave #WaveMotion,,,,,,,,,,,
2026-03-30 00:00:00,,Inspiration,Wave Pro美图,,"Engineered for a pro-level clean.

Laifen Wave Pro combines 66,000 vibrations/min with a 60° wide oscillation — delivering deeper, more efficient cleaning in every stroke.",#Laifen #ElectricToothbrush #LaifenWave #WaveMotion,,,,Inspiration,Wave Pro美图,,"Entwickelt für eine professionelle Reinigung.
Die Laifen Wave Pro kombiniert 66.000 Vibrationen/Min. mit einer 60°-Weitwinkel-Oszillation — für eine tiefere und effizientere Reinigung bei jeder Bewegung.",#Laifen #Zahnbürste #ElektrischeZahnbürste #LaifenWave #WaveMotion,,,,,,,,,,,
2026-03-30 00:00:00,Mon,Inspiration,Wave Pro美图,,Oscillates. Vibrates. Cleans like a pro—every day.,#Laifen #LaifenWave #LaifenElectricToothbrush #Toothbrush #WaveMotion,,,,Inspiration,Wave Pro美图,,Oszilliert. Vibriert. Reinigt wie ein Profi – jeden Tag.,#Laifen #Zahnbürste #ElektrischeZahnbürste #LaifenWave #WaveMotion,,,,,,,,,,,
2026-03-31 00:00:00,Tue,Inspiration,Wave Pro美图,,Care that goes further.,#Laifen #LaifenWave #LaifenElectricToothbrush #Toothbrush #WaveMotion,,,,Inspiration,Wave Pro美图,,"Pflege, die weiter geht.",#Laifen #Zahnbürste #ElektrischeZahnbürste #LaifenWave #WaveMotion,,,,,,,,,,,
,,,,,,,,,,,,,,,,,,,,,,,,,
,,,,,,,,,,,,,,,,,,,,,,,,,
,,,,,,,,,,,,,,,,,,,,,,,,,
,,,,,,,,,,,,,,,,,,,,,,,,,
,,,,,,,,,,,,,,,,,,,,,,,,,
,,,,,,,,,,,,,,,,,,,,,,,,,
,,,,,,,,,,,,,,,,,,,,,,,,,
,,,,,,,,,,,,,,,,,,,,,,,,,
,,,,,,,,,,,,,,,,,,,,,,,,,
,,,,,,,,,,,,,,,,,,,,,,,,,
,,,,,,,,,,,,,,,,,,,,,,,,,
,,,,,,,,,,,,,,,,,,,,,,,,,
,,,,,,,,,,,,,,,,,,,,,,,,,
,,,,,,,,,,,,,,,,,,,,,,,,,
,,,,,,,,,,,,,,,,,,,,,,,,,
,,,,,,,,,,,,,,,,,,,,,,,,,
,,,,,,,,,,,,,,,,,,,,,,,,,
,,,,,,,,,,,,,,,,,,,,,,,,,
,,,,,,,,,,,,,,,,,,,,,,,,,
