"Date","Day","1. V Day 2. Wave Pro 3. Women's Day 4. Costco Pillar","Focus","Asset","Post Copy","Hashtags ","Content Type","Notes","FOR DE→","1. V Day 2. Wave Pro 3. Women's Day Pillar","Focus","Asset","Post Copy","Hashtags ","Content Type","","","","","","","","","","","","","",""
"01 Feb","Sun","Brand","Banner更换","","","","","","","Brand","情人节KV","","Laifen sorgt. Liebe bleibt.

Spare bis zu 38 % zum Valentinstag –
👉 Link in der Bio @laifen_de","#Laifen #Valentinstag #ValentinesDay","","","","","","","","","","","","","","",""
"01 Feb","Sun","Brand","情人节视频 #1","","Laifen Cares, Love Endures.
Save up to 30% off this Valentine’s Day: https://bit.ly/m/laifenshop","#laifen #valentines #valentinesday","","","","","","","","","","","","","","","","","","","","","","",""
"01 Feb","Sun","Brand","情人节视频 #2","","This Valentine’s Day, just for you | Laifen
Save up to 30% off this Valentine’s Day: https://bit.ly/m/laifenshop","#laifen #valentines #valentinesday","","","","","","","","","","","","","","","","","","","","","","",""
"02 Feb","Mon","Brand","情人节视频 #3
混剪视频","","","#laifen #valentines #valentinesday","","","","","","","","","","","","","","","","","","","","","","",""
"02 Feb","Mon","Brand","V Day 营销海报","","混剪视频","","","","","","","","","","","","","","","","","","","","","","","",""
"04 Feb","Wed","Community","
V Day 社媒互动","","Who’s your Valentine this year? 💕
Comment below and tell us 👇","#laifen #valentines #valentinesday #valentine","","","","Brand","情人节互动","","Welches Geschenk passt zum Valentinstag am besten? 

💝 Schreib uns deine Wahl in die Kommentare 👇","#laifen #valentinstag #liebe","","","","","","","","","","","","","","",""
"04 Feb","Wed","Community","
V Day 导购","","This Valentine’s Day, give a gift they’ll love
Save up to 30% off this Valentine’s Day: https://bit.ly/m/laifenshop","#laifen #valentines #valentinesday #valentine","","","","","","","","","","","","","","","","","","","","","","",""
"05 Feb","Thu","","","","","","","","","Brand","情人节产品","","Zum Valentinstag: Ein Geschenk, das jeden Tag Freude macht.
Save up to 38% for Valentine's Day: https://bit.ly/m/laifende","#laifen #valentines #valentinesday #valentine","","","","","","","","","","","","","","",""
"06 Feb","Fri","Community","V  Day Giveaway","","Laifen Cares, Love Endures — Valentine’s Giveaway
Love isn’t just about one day.
It’s built through care — again and again.
This Valentine’s Day, Laifen wants to help you care for the people who matter most —
by helping you turn care into a gift.
How to Enter:
1️⃣ Follow Laifentech 
2️⃣ Like this post.
3️⃣ Comment below:
  • Who you’d gift it to
  • Why you choose them (one sentence)
✨ Bonus: Share this post to your Story and tag @Laifentech for an extra chance.
Giveaway ends: Feb. 14, 10:00 AM (ET)
🎁 We’ll select 3 winners to receive a Laifen gift sent to the person you care about.
Winners will be contacted via DM from our official account
Open to U.S., EU, and UK residents only. This giveaway is in no way sponsored, endorsed, administered by, or associated with Instagram.","#laifen #valentines #valentinesday #valentine","","","","","","","","","","","","","","","","","","","","","","",""
"09 Feb","Mon","","KOL Repost
 (Do Not Repost)","","Sometimes love looks like the little things. 🤍
Bath time gets busy.
So he stepped in — drying her hair, taking care of both mom and daughter.
Four modes.
Cool, warm, hot, or cycle mode — comfort for everyone in the family.
Because routines are easier when you share them.
Video by @sergey.be.be
🔗 Up to 30% OFF for Valentine’s: https://bit.ly/m/laifenshop","#laifen #valentines #valentinesday #valentine","","","","Brand","情人节Giveaway","","Laifen sorgt, Liebe besteht. — Valentinstags-Gewinnspiel
Liebe ist nicht nur ein Tag.
Sie entsteht durch Fürsorge — jeden Tag, immer wieder.
Zum Valentinstag möchte Laifen dir helfen, dich um die Menschen zu kümmern,
die dir am wichtigsten sind — indem wir deine Fürsorge in ein Geschenk verwandeln.
So nimmst du teil:
 1️⃣ Folge Laifen Deutschland 
 2️⃣ Like diesen Beitrag
 3️⃣ Kommentiere unten:
   • Für wen das Geschenk ist
   • Warum diese Person genau dieses Laifen-Produkt braucht
(ein Satz, z. B. im Alltag, für Pflege, Komfort oder Zeitersparnis)
 ✨ Extra Chance: Teile diesen Beitrag in deiner Story und markiere @Laifen_de
Teilnahmeschluss: 14. Februar, 16:00 Uhr (MEZ)
🎁 Ein Gewinner erhält ein Laifen-Produkt,
das von Laifen direkt an die von ihm gewählte Person versendet wird.
Der Gewinner wird per Direktnachricht von unserem offiziellen Account kontaktiert,
um die Versandinformationen für den Geschenkversand zu bestätigen.
Teilnahmeberechtigt sind ausschließlich Personen mit Wohnsitz in Deutschland.","#Laifen #LoveEndures #Valentines #Giveaway","","","","","","","","","","","","","","",""
"10 Feb","Tue","","","","","","","","","","","","","","","","","","","","","","","","","","","",""
"11 Feb","Wed","","KOL Repost
 (Do Not Repost)","","Valentine’s is for family, too. 💝
The Laifen SE2 hair dryer —
high-speed drying made for everyday love.
Valentine’s Sale — Up to 30% OFF: https://bit.ly/m/laifenshop
🎥 Video by: @laniechurco","#laifen #valentines #valentinesday #valentine #Hairdryer","","","","","","","","","","","","","","","","","","","","","","",""
"15 Feb","Sun","Brand","Wave Pro 预热物料一","","Magnetic Wireless Charging.
Just place it. Charging starts.

Keeps you powered without hassle.

Laifen Wave Pro Coming Soon","#Laifen #ElectricToothbrush #LaifenWave #WaveMotion","","","","","","","","","","","","","","","","","","","","","","",""
"17 Feb","Tue","Brand","Wave Pro 预热物料二","","Smart Pressure Sensor
Instant Pressure Reminder

Ensures every brush feels just right.

Laifen Wave Pro Coming Soon","#Laifen #ElectricToothbrush #LaifenWave #WaveMotion","","","","","","","","","","","","","","","","","","","","","","",""
"19 Feb","Thu","Brand","Wave Pro 预热物料三","","Multifunctional Bristle Design
Full Clean, Even Interdental Areas

Ensures every brush feels just right.

Laifen Wave Pro Coming Soon","#Laifen #ElectricToothbrush #LaifenWave #WaveMotion","","","","","","","","","","","","","","","","","","","","","","",""
"21 Feb","Sat","Brand","Wave Pro 预热物料四","","Dual-Mode Cleaning System

Enjoy an efficient pro-level clean in minutes.

Laifen Wave Pro Coming Soon","#Laifen #ElectricToothbrush #LaifenWave #WaveMotion","","","","","","","","","","","","","","","","","","","","","","",""
"23 Feb","Mon","","Wave Pro- 工艺片","","Laifen Pro Series Brush Heads deliver comprehensive cleaning with gentle gum protection.

Learn more: https://bit.ly/m/laifenshop","#Laifen #ElectricToothbrush #LaifenWave #WaveMotion","","","","","","","","","","","","","","","","","","","","","","",""
"24 Feb","Tue","Brand","Wave Pro- ID片","","Laifen Wave Pro Electric Toothbrush Reliability Test

Learn more: https://bit.ly/m/laifenshop","#Laifen #ElectricToothbrush #LaifenWave #WaveMotion","","","","","","","","","","","","","","","","","","","","","","",""
"25 Feb","Wed","Community","妇女节 UGC话题","","What’s one thing you tried just because you were curious?
Tell us in the comments 👇

🎁 One lucky winner will receive a Laifen MINI High-Speed Hair Dryer.

⏳ Giveaway ends March 2.
The winner will be contacted via DM.","#TryNewwithLaifen
 #TrySomethingNew","","","","Community","妇女节 UGC话题","","Was hast du einfach aus Neugier ausprobiert?
Schreib es uns in die Kommentare 👇

🎁 Eine glückliche Gewinnerin oder ein glücklicher Gewinner erhält einen Laifen MINI Hochgeschwindigkeits-Haartrockner.

⏳ Das Gewinnspiel endet am 2. März.
 Die Gewinnerin oder der Gewinner wird per DM benachrichtigt.

#TryNewwithLaifen
 #TrySomethingNew","#TryNewwithLaifen
 #TrySomethingNew","","","","","","","","","","","","","","",""
"26 Feb","Thu","Brand","Story","","","","","","","Brand","Wave Pro","","Magnetisches, kabelloses Laden
Einfach abstellen. Der Ladevorgang startet automatisch.

Bleibt jederzeit einsatzbereit – ganz ohne Aufwand.

Laifen Wave Pro
Bald verfügbar","#Laifen #Zahnbürste #ElektrischeZahnbürste #LaifenWave #WaveMotion","","","","","","","","","","","","","","",""
"27 Feb","Fri","Brand","Story","","Laifen Beyond The Limits
We’re bringing Laifen beyond the screen and into more spaces around the world.
We’re excited to take our high-speed hair dryers, electric shavers, and electric toothbrushes to more cities — meeting our community face to face.
📍 Thailand, Bangkok
Central Ladprao, 1st Floor","#Laifen #LaifenTHxKeng #DatewithKeng #LaifenThailand #LaifenBeyondTheLimits","","","","Brand","Wave Pro","","Intelligenter Drucksensor
Sofortige Druckwarnung.

Für ein Putzgefühl, das sich immer genau richtig anfühlt.

Laifen Wave Pro
Bald verfügbar","#Laifen #Zahnbürste #ElektrischeZahnbürste #LaifenWave #WaveMotion","","","","","","","","","","","","","","",""
"28 Feb","Sat","Brand","Cosctco 促销正式上线","","🔥 Now Live on Costco Online 🔥
The Laifen SE High-Speed Hair Dryer is now available on Costco — and it’s at a limited-time deal you don’t want to miss.

✨ Special Price: $89.99
💸 Save $30 (Was $119.99)
👉 Buy here: https://bit.ly/costco-laifen

Powerful airflow.
Fast drying.
Less heat damage, more shine.

Perfect for everyday styling or gifting this season.

💜 Limited stock — grab yours while it lasts!

#costco #costcofinds #hairdryer #laifen","#Laifen #Hairdryer #HairCare","","","","Brand","Wave Pro","","Multifunktionales Borstendesign
Gründliche Reinigung – selbst in den Zahnzwischenräumen.

Für ein rundum sauberes Mundgefühl.

Laifen Wave Pro
Bald verfügbar","#Laifen #Zahnbürste #ElektrischeZahnbürste #LaifenWave #WaveMotion","","","","","","","","","","","","","","",""
"28 Feb","Sat","Brand","KOL Repost
 (Do Not Repost)","","From wet hair to photoshoot-ready in 3 mins. ⚡️📸

The Laifen SE makes it look easy. Rate this transformation 1-10! 👇


Video by @luke_nanderson

#Laifen #Hairdryer #HairCare","#costco #costcofinds #hairdryer #laifen","","","","Brand","Wave Pro","","Zwei-Modus-Reinigungssystem

Weiß: Tägliche Reinigung
Orange: Tiefenreinigung

Professionelle Reinigung – effizient in nur wenigen Minuten.

Laifen Wave Pro
Bald verfügbar","#Laifen #Zahnbürste #ElektrischeZahnbürste #LaifenWave #WaveMotion","","","","","","","","","","","","","","",""