"Date","Day","1. Easter Pillar","Focus","Asset","Post Copy","Hashtags ","Note","Content Type","FOR DE→","Pillar","Focus","Asset","Post Copy","Hashtags ","Content Type","FOR MX→","Pillar","Focus","Asset","Post Copy","Hashtags ","Content Type","","",""
"01 May","Fri","Brand","Last Minute Guide","","For the moms who care about every detail—even their smile 💛

✨ Meet Laifen Wave Special
– Gentle 26,000 vibrations/min for a cozy, comfortable clean
– 60° oscillation that mimics dentist-recommended brushing
– Designed for sensitive teeth & first-time electric users
– Cushioned brush heads for a softer, more caring touch

Because a thoughtful gift isn’t just seen—it’s felt, every single day.

🎁 Upgrade her daily routine this Mother’s Day🎁 Upgrade her daily routine this Mother’s Day","#happymothersday #giftideas #mom #Laifen #LaifenMothersDay","","","","Brand","母亲节Engagement Post","","„Dieser funktioniert noch.“ 

Was ist etwas, das deine Mom seit Jahren benutzt und einfach nicht ersetzen will?
Wie ihr alter Föhn… wir kennen es alle

💬 Schreib’s in die Kommentare 👇

🎁 Eine glückliche Person gewinnt einen Laifen MINI

⏳ Giveaway endet am 07. Mai
📩 Der Gewinner wird per DM kontaktiert","
#Laifen #MothersDay #Gewinnspiel #FürMama #Giveaway","","","","","","","","","","",""
"02 May","Sat","Brand","Last Minute Guide","","For the moms who love premium everything—even their daily routine ✨

🪥 Meet Laifen Wave Pro
– Dual-action clean: 60° oscillation + 66,000 vibrations/min for a deeper, dentist-level clean
– Smart pressure control to protect gums while brushing
– Personalized settings via app for a routine that fits her perfectly
– Up to 70 days battery life—effortless, travel-ready care

Because the best gifts upgrade the little moments she does every day.

🎁 Upgrade her daily routine this Mother’s Day","#happymothersday #giftideas #mom #Laifen #LaifenMothersDay","","","","","","","","","","","","","","","","","","",""
"03 May","Sun","","","","","","","","","","","","","","","","","","","","","","","",""
"04 May","Mon","Brand","Costco上线","","Mother‘s Day Sale, Only at Costco Online
Best Price Yet - Now $89.99","
#Costco #Sale #mothersday","","","","Brand","母亲节KV","","Schenk ihr strahlende Schönheit 💗

✨ Bis zu 38 % Rabatt zum Muttertag","#Laifen #Muttertag #GeschenkFürMama #Sale #LaifenMuttertag","","","","","","","","","","",""
"05 May","Tue","Brand","2026 MET Gala","","Laifen High-Speed Hair Dryer × celebrity hairstylist @laurapolko

For the 2026 MET Gala, @laurapolko used the Laifen High-Speed Hair Dryer to create a sleek, red carpet–ready look for her client #LindseyVonn.

From prep to final styling — high-speed airflow for control, shape, and a polished finish.

Go behind the scenes and see how the look comes together.","#Laifen #METGala #LaifenHairDryer #BehindTheScenes","","","","Community","母亲节Giveaway","","Muttertags-Giveaway 💛
„Das funktioniert doch noch.“ — und wahrscheinlich benutzt sie es schon seit Jahren.

💬 Folge @laifen_de und verrate uns, welches Pflegeprodukt deine Mutter schon ewig benutzt — Haartrockner, Zahnbürste … ganz egal 😄

🎁 Wir überraschen 3 Mamas mit einem Laifen Neo Special oder einer Laifen Wave Pro — etwas, das sie wirklich jeden Tag benutzen wird.

📅 Teilnahme bis zum 14. Mai, 22 Uhr CET
📩 Die Gewinner werden per DM kontaktiert

Vielleicht ist es ja endlich Zeit für ein Upgrade 😉

*Dieses Gewinnspiel steht in keiner Verbindung zu Instagram oder Facebook und wird weder gesponsert noch unterstützt. Teilnahme ab 18 Jahren. Kein Kauf erforderlich. Gewinner werden ausschließlich über @laifen_de kontaktiert — Vorsicht vor Fake-Accounts.","#LaifenMuttertag #Mutterstag #LaifenWavePro #LaifenNeo","","","","","","","","","","",""
"06 May","Wed","","","","","","","","","Community","Last Minute Guide
Neo Special","","Für alle, die glänzendes, gesund aussehendes Haar lieben. ✨

Der Laifen Neo Special High-Speed Hair Dryer vereint ultraschnelles Trocknen mit smarter Haarpflege.
Mit dem 58 °C Pflegemodus, intelligentem Temperatur-Management und 200 Millionen negativen Ionen sorgt er für geschmeidiges, glänzendes Haar — ganz ohne übermäßige Hitze.

22 m/s Hochgeschwindigkeits-Luftstrom
200 Mio. negative Ionen gegen Frizz
58 °C Pflegemodus für sanfte Trocknung
Ultraleicht mit nur 390 g
Leise bei nur 59 dB

Salon-Glow. Jeden Tag. 💜","#Laifen #LaifenNeoSpecial #Muttertag #MothersDayGift #GiftGuide #HairCare","","","","","","","","","","",""
"07 May","","","","","","","","","","Community","Last Minute Guide
Wave Special","","Ein Geschenk für ein strahlendes Lächeln – jeden Tag. 💚

Die Laifen Wave Special kombiniert sanfte Reinigung mit innovativer Oszillationstechnologie für ein besonders angenehmes Putzgefühl.
Mit 60°-Oszillation, weichen Bürstenköpfen und 26.000 Vibrationen pro Minute sorgt sie für eine gründliche und zugleich komfortable Reinigung — auch bei empfindlichen Zähnen.

🦷 60°-Oszillationstechnologie
✨ 26.000 sanfte Vibrationen/Min.
💚 Weiche, komfortable Bürstenköpfe
🔋 Bis zu 50 Tage Akkulaufzeit
✔️ Entwickelt für eine sanfte & effektive Reinigung","#Laifen #Laifenwave #Muttertag #MothersDayGift #GiftGuide #Oralcare","","","","","","","","","","",""
"08 May","Fri","Brand","红人转载母亲节","","Make Mom’s routine feel a little more luxe this year 💐
Save up to 25% this Mother’s Day with the Laifen Premium High-Speed Hair Dryer Love-Bound Box — because everyday moments deserve premium care. ✨

📸: @laemekiia

Shop the Mother’s Day Sale now. 💝","
#happymothersday #giftideas #mom #Laifen #LaifenMothersDay","","","","Community","Last Minute Guide
Wave pro","","Professionelle Zahnreinigung – ganz einfach zuhause. 💗

Die Laifen Wave Pro Electric Toothbrush kombiniert die innovative WaveMotion™-Technologie mit intelligenter Pflege für ein besonders gründliches Reinigungserlebnis.
Mit 60°-Schwingungen, personalisierten App-Einstellungen und intelligentem Drucksensor sorgt sie für eine effektive und zugleich komfortable Reinigung — jeden Tag.

60° WaveMotion™-Technologie
Bis zu 66.000 Vibrationen/Min.
Personalisierte Pflege mit App
Intelligenter Drucksensor
Bis zu 70 Tage Akkulaufzeit
Zwei Reinigungsmodi für individuelle Bedürfnisse

Für alle, die sich ein professionelles Reinigungserlebnis zuhause wünschen. 💕","#Laifen #Laifenwave #Muttertag #MothersDayGift #GiftGuide #Oralcare","","","","","","","","","","",""
"09 May","Sat","Brand","红人转载Costco","","Mother’s Day gifting made easy 💐

The Laifen SE Air is now only $89.99 — exclusively at Costco Online. ✨

Compact, lightweight, and powered by high-speed drying for effortless everyday routines.

Because the best gifts are the ones she’ll actually use every day. 💝

📸: @rachelbreanna_","
#happymothersday #giftideas #mom #Laifen #LaifenMothersDay #Costco","","","","","","","","","","","","","","","","","","",""
"10 May","Sun","Brand","母亲节创意海报","","To the moms who give so much love every day — thank you. 🤍

Wishing you a Mother’s Day filled with love, joy, and a little time for yourself. 💐

Happy Mother’s Day","
#LaifenMothersDay #Laifen","","","","Community","母亲节创意海报","","An alle Mamas, die jeden Tag so viel Liebe schenken — danke. 🤍

Wir wünschen euch einen Muttertag voller Liebe, Freude und ein wenig Zeit nur für euch selbst. 💐

Alles Liebe zum Muttertag von Laifen.","#HappyMothersDay #Laifen","","","","","","","","","","",""
"11 May","Mon","","","","","","","","","Brand","父亲节KV","","","","","","","","","","","","","",""
"12 May","Tue","","","","","","","","","Community","父亲节Giveaway","","Magst du es, wenn dein Papa seinen Bart trägt — oder nicht? 👀

👉 Ja — es steht ihm gut
👉 Nein — Zeit für eine Veränderung

Teile deine Antwort mit uns und sag uns warum 👇
(Je genauer, desto besser)

🎁 Wir wählen:
• 1 „Nein“-Antwort → gewinnt einen Laifen P3 Pro Rasierer für eine gründliche und schnelle Rasur
• 1 „Ja“-Antwort → gewinnt eine Laifen Wave Pro Zahnbürste für eine gründliche Reinigung jeden Tag

So nimmst du teil:
✔ Folge @laifen_de
✔ Kommentiere deine Antwort unten

Mal sehen, wie die Meinungen ausfallen 👀

📅 Endet am 16. Mai um 22:00 Uhr CET
📩 Die Gewinner werden per DM kontaktiert

Dieses Gewinnspiel steht in keiner Verbindung zu Instagram und wird weder von Instagram gesponsert noch unterstützt.

#Vatertag #GeschenkFürPapa #BesterPapa","#Gewinnspiel #Vatertag #GeschenkFürPapa #BesterPapa","","","","","","","","","","",""
"13 May","Wed","Brand","红人转载 P3 Pro","","From “wait… I still need to shave”
to date-night ready in seconds. ✨

The Laifen P3 Pro electric shaver keeps up with every last-minute plan. 🪒⚡

🎥 Credit: @Afani and Mark","#Laifen #Shaver #ElectricShaver","","","","Brand","Last Minute Gift Guide","","Zum Vatertag ein Geschenk für gepflegte Momente – jeden Tag. 🧡

Der Laifen P3 Pro Elektrorasierer kombiniert präzise Rasur mit modernster Technologie in einem kompakten Aluminium-Design.
Mit Dual-Linear-Motoren, intelligenter Dämpfung und leistungsstarken PID-Algorithmen sorgt er für eine gründliche, sanfte Rasur — jeden Tag.

⚡ Dual-Linear-Motoren mit 12.000 CPM
🪒 Präzise & angenehme Rasur
🔇 Dual-Dämpfungssystem für mehr Komfort
🔋 Bis zu 100 Minuten Akkulaufzeit
⚡ USB-C Fast Charging
💧 IPX7 wasserdicht für Nass- & Trockenrasur
✨ CNC-gefrästes Aluminiumgehäuse

Für Väter, Partner oder einfach für jeden, der tägliche Premium-Pflege verdient. 🧡","#HappyMothersDay #Laifen","","","","","","","","","","",""
"14 May","Thu","Brand","红人转载 Laifen mini","","Small yet mighty. 💨✨

The Laifen MINI may fit in your bag, but it delivers big results to your everyday hair routine.

🎥 Credit: @britmanuela","#Laifenhairdryer #laifen #haircare","","","","","","","","","","","","","","","","","","",""
"15 May","Fri","","","","","","","","","","","","","","","","","","","","","","","",""
"16 May","Sat","","","","","","","","","","","","","","","","","","","","","","","",""
"17 May","Sun","","","","","","","","","","","","","","","","","","","","","","","",""
"18 May","Mon","Brand","Laifen Wave","","PRO CLEAN. BRUSH SMARTER.

Meet the Laifen Wave Pro — designed to deliver a deeper, more professional clean wherever life takes you.

With powerful oscillation technology and up to 70 days of battery life, your oral care routine stays effortless at home and on the go. ✈️

✔️ Pro-level clean
✔️ Smart brushing experience
✔️ 70-day battery life

Shop now: ","#Laifen #ElectricToothbrush #LaifenWave #WaveMotion","","","","Brand","Laifen Wave","","PRO CLEAN. SMARTER PUTZEN. 🪥✨

Die Laifen Wave Pro sorgt für ein professionelles Reinigungserlebnis — egal ob zu Hause oder unterwegs.

Mit kraftvoller Schalltechnologie und bis zu 70 Tagen Akkulaufzeit bleibt deine Mundpflege einfach, smart und jederzeit reisefertig. ✈️

✔️ Professionelle Reinigung
✔️ Smarteres Putzerlebnis
✔️ Bis zu 70 Tage Akkulaufzeit","#Laifen #Zahnbürste #ElektrischeZahnbürste #LaifenWave #WaveMotion","","","Jetzt entdecken — Link in Bio.","","","","","","","",""
"19 May","Tue","Brand","Laifen Wave","","FRESHNESS TRAVELS WITH YOU ✈️

Powered by pro-level WaveMotion™ Technology for an efficient, deeper clean wherever you go.

✔️ 60° Oscillations for effective plaque removal
✔️ Dual-Mode Cleaning System
✔️ Daily Clean & Deep Clean modes

Pack light. Clean pro.

Shop now — link in bio.
","#Laifen #ElectricToothbrush #LaifenWave #WaveMotion","","","","Brand","Laifen Wave","","FRISCHE REIST MIT ✈️🪥

Angetrieben von der professionellen WaveMotion™ Technologie für eine effiziente und gründliche Reinigung — überall.

✔️ 60° Oszillationen für effektive Plaque-Entfernung
✔️ Dual-Mode Reinigungssystem
✔️ Daily Clean & Deep Clean Modi

Leicht im Gepäck. Professionell sauber.

Jetzt entdecken — Link in Bio.","#Laifen #LaifenWavePro #WaveMotion #DeepClean #OralCare #ElectricToothbrush #TravelReady","","","","","","","","","","",""
"20 May","Wed","","","","","","","","","","","","","","","","","","","","","","","",""
"21 May","Thu","","","","","","","","","","","","","","","","","红人转载","","Rizos definidos, volumen natural y menos tiempo frente al espejo ✨
Laifen SE 2 seca rápido con control inteligente de temperatura, para que tus curls se vean suaves, ligeros y llenos de vida.

Ahora en Mercado Libre — hasta 30% off 💛

🎥 via @blanca.doll","","","","",""
"22 May","Fri","","","","","","","","","","","","","","","","","","","","","","","",""
"23 May","Sat","","","","","","","","","","","","","","","","","红人转载","","Tu hair dryer también puede combinar con tu estilo ✨
Laifen SE 2 une diseño minimalista, secado de alta velocidad y control inteligente de temperatura — ahora disponible en varios colores para elegir tu favorito.

Ahora en Mercado Libre — hasta 30% off 💛

🎥 via @blanca.doll","","","","",""
"24 May","Sun","","","","","","","","","","","","","","","","","","","","","","","",""
"25 May","Mon","Brand","红人转载","","Laifen SE Lite High-Speed Hair Dryer vs. traditional hair dryer ⚡
Credit: @curlygirl_45","#hair #hairstyle #hairstylist #haircare #Laifen #curlygirl #GRWM","","","","","","","","","","","","","","","","","","",""
"26 May","Tue","Brand","红人转载","","Laifen SE 2 gives you different drying and styling experiences with every temperature mode 💨✨
Credit: @haley__robinson","#hair #hairstyle #hairstylist #haircare #Laifen","","","","","","","","","","","","","","","","","","",""
"27 May","Wed","Brand","红人转载","","Curly hair wash days feel way easier with the right dryer
@haley__robinson shares her experience using the Laifen SE Lite and why the difference feels noticeable during her routine.","#hair #hairstyle #hairstylist #haircare #Laifen #curlygirl #GRWM","","","","","","","","","","","","","","Cabello más suave, brillante y con menos frizz ✨
Laifen SE 2 libera 200 millones de iones negativos para ayudar a mantener tu cabello sedoso mientras disfrutas de un secado de alta velocidad.

Ahora en Mercado Libre — hasta 30% off 💛

🎥 via @blanca.doll","","","","",""
"28 May","Thu","","","","","","","","","","","","","","","","","","","","","","","",""
"29 May","Fri","","","","","","","","","","","","","","","","","","","","","","","",""
"30 May","Sat","","","","","","","","","","","","","","","","","","","","","","","",""
"31 May","","","","","","","","","","","","","","","","","","","","","","","","",""