"Date","Day","1. CES 2. Wave Pro 3. Mini Launch Pillar","Focus","Asset","Post Copy","Hashtags ","Content Type","Notes","FOR DE→","1. CES 2. Wave Pro Pillar","Focus","Asset","Post Copy","Hashtags ","Content Type","","","","","","","","","",""
"01 Jan","Thu","Community","Martin Sati x Laifen
"02 Jan","Fri","Community","Martin Sati x Laifen
"05 Jan","Mon","Brand","CES 空镜","","Life Enhanced with Laifen
"05 Jan","Mon","Brand","CES 先导片","","Laifen CES 2026 · Day 3
"06 Jan","Tue","Brand","CES Pepcom","","Laifen at Pepcom Media Event | CES 2026
"07 Jan","Wed","Brand","CES Day 1 图片 Recap","","Day 1 at CES with Laifen
"08 Jan","Thu","Brand","CES Day 1 视频 Recap","","As CES 2026 kicked off,
"08 Jan","Thu","Brand","CES","","CES Day 2 at Laifen
"09 Jan","Fri","Brand","CES","","Laifen CES 2026 · Day 3
"09 Jan","Fri","Brand","CES FINAL RECAP","","CES 2026 with Laifen | Final Recap
"10 Jan","Sat","Brand","CES媒体获奖","","CES 2026: Laifen Wave Pro Recognized by Leading Global Media
"13 Jan","Tue","Brand","Wave Pro TVC","","Meet the Laifen Wave Pro Electric Toothbrush — designed for those who want a pro-level, smart, and truly effortless brushing experience, Laifen Wave Pro brings professional performance into your everyday routine.
"15 Jan","Thu","Brand","Mini- TVC","","Meet the Laifen Mini High-Speed Hair Dryer — Mini But Mighty
"16 Jan","Fri","Brand","Mini","","Laifen Mini — a lightweight, compact high-speed hair dryer
"17 Jan","Sat","Brand","Mini","","Unbelievably light. Incredibly compact.
"18 Jan","Sun","Brand","Mini","","Small package. Powerful performance.
"19 Jan","Mon","Education","Mini","","Gentle care, made simple.
"20 Jan","Tue","Brand","","","","","","","","","","","","","","","","","","","","","","",""
"21 Jan","Wed","Inspiration","Mini","","Wherever you go, style follows.
"22 Jan","Thu","Inspiration","","","","","","","","","","","","","","","","","","","","","","",""
"23 Jan","Fri","Inspiration","","","","","","","","","","","","","","","","","","","","","","",""
"24 Jan","Sat","Brand","","","","","","","","","","","","","","","","","","","","","","",""
"25 Jan","Sun","Brand","Mini","","Power that fits your style.","#Laifen #LaifenHairdryer #LaifenMini #Travel #MyLightThings","Carousel","","","","","","","","","","","","","","","","","",""
"26 Jan","Mon","Brand","Mini","","Ready when you are.","#Laifen #LaifenHairdryer #LaifenMini #Travel #MyLightThings","Carousel","","","","","","","","","","","","","","","","","",""
"27 Jan","Tue","","","","","","","","","","","","","","","","","","","","","","","",""
"28 Jan","Wed","Brand","Mini","","Pack it.
"29 Jan","Thu","Brand","Mini","","Laifen Mini Unboxing — What’s inside","#Laifen #LaifenHairdryer #LaifenMini #Travel #MyLightThings","Reel","","","","","","","","","","","","","","","","","",""
"30 Jan","Fri","Community","Wave Pro
"31 Jan","Sat","","","","","","","","","","","","","","","","","","","","","","","",""
"01 Feb","Sun","Brand","情人节视频 #1","","Laifen Cares, Love Endures.
"01 Feb","Sun","Brand","情人节视频 #2","","This Valentine’s Day, just for you | Laifen
"02 Feb","Mon","Brand","情人节视频 #3
"02 Feb","Mon","Brand","V Day 营销海报","","混剪视频","","","","","","","","","","","","","","","","","","","","","","","",""
"04 Feb","Wed","Community","
"04 Feb","Wed","Community","
"05 Feb","Thu","","","","","","","","","Brand","情人节产品","","Zum Valentinstag: Ein Geschenk, das jeden Tag Freude macht.
"06 Feb","Fri","Community","V  Day Giveaway","","Laifen Cares, Love Endures — Valentine’s Giveaway
"09 Feb","Mon","","KOL Repost
"10 Feb","Tue","","","","","","","","","","","","","","","","","","","","","","","","","","","",""
"11 Feb","Wed","","KOL Repost
"15 Feb","Sun","Brand","Wave Pro 预热物料一","","Magnetic Wireless Charging.
"17 Feb","Tue","Brand","Wave Pro 预热物料二","","Smart Pressure Sensor
"19 Feb","Thu","Brand","Wave Pro 预热物料三","","Multifunctional Bristle Design
"21 Feb","Sat","Brand","Wave Pro 预热物料四","","Dual-Mode Cleaning System
"23 Feb","Mon","","Wave Pro- 工艺片","","Laifen Pro Series Brush Heads deliver comprehensive cleaning with gentle gum protection.
"24 Feb","Tue","Brand","Wave Pro- ID片","","Laifen Wave Pro Electric Toothbrush Reliability Test
"25 Feb","Wed","Community","妇女节 UGC话题","","What’s one thing you tried just because you were curious?
"26 Feb","Thu","Brand","Story","","","","","","","Brand","Wave Pro","","Magnetisches, kabelloses Laden
"27 Feb","Fri","Brand","Story","","Laifen Beyond The Limits
"28 Feb","Sat","Brand","Cosctco 促销正式上线","","🔥 Now Live on Costco Online 🔥
"28 Feb","Sat","Brand","KOL Repost
"01 Mar","Sun","Brand","妇女节- UGC活动开始","","Try something new.
"01 Mar","Sun","Brand","妇女节KV
"02 Mar","Mon","","","","","","","","","","","","","","","","","","","","","","","",""
"03 Mar","Tue","Brand","妇女节短片 #2
"04 Mar","Wed","Community","妇女节短片 #3","","A Different Way Ahead | Laifen #TrySomethingNew
"05 Mar","Thu","Community","Wave Pro 科普互动 #1
"06 Mar","Fri","Community","Wave Pro 科普解释 #1
"06 Mar","Fri","","Wave Pro 科普互动 #2
"07 Mar","Sat","Community","Wave Pro 科普解释 #2
"08 Mar","Sun","Community","Wave Pro 科普互动 #3
"09 Mar","Mon","Community","Wave Pro 科普解释 #3
"10 Mar","","","","","","","","","","Brand","春促海报上线","","Neuer Frühling, neues Du.
"10 Mar","Tue","Brand","Wave Pro
"11 Mar","Wed","Brand","One Page卖点合集","","Introducing Laifen Wave Pro — designed to bring a professional clean into your daily routine.
"11 Mar","Wed","Brand","短视频转载","","What’s actually inside the Laifen Wave Pro? 👀
"12 Mar","Thu","Brand","Wave Pro - Giveaway","","🎁 Wave Pro Giveaway is Here!
"13 Mar","","Education","HOW TO 视频发布","","How to Use Your Laifen Wave Pro Electric Toothbrush
"14 Mar","","","","","","","","","","Brand","春促互动","","Der Frühling ist die Zeit für kleine Neuanfänge.
"15 Mar","","","","","","","","","","Brand","春促互动","","🍃Neuer Frühling, neues Du.
"16 Mar","","","","","","","","","","Brand","春促互动","","🍃Neuer Frühling, neues Du.
"17 Mar","Tue","Brand","KOL Repost
"18 Mar","Wed","Brand","春促","","Spring feels like ______ 🌸
"19 Mar","Thu","Brand","春促-AI视频","","New Season, New Shine","#Spring #Laifen #laifenHairdryer #Laifenmini","","","","Brand","春促互动","","Bitte überprüfe dein Lächeln.","","","","","","","","","","","",""
"20 Mar","Fri","Brand","春促-AI视频","","New Season, New Shine
"21 Mar","Sat","Brand","春促-KV","","New Season, New Shine
"22 Mar","Sun","Community","春促- 互动","","From 8:00 A.M. to 10:30 P.M.
"23 Mar","Mon","Brand","春促- 产品","","New Season, New Shine
"24 Mar","Tue","Brand","春促- 产品","","New Season, New Shine
"25 Mar","Wed","Brand","世界第一","","World’s No.1 High-Speed Hair Dryer Brand — Laifen
"26 Mar","Thu","Brand","春促视觉互动","","👀","","","","","","","","","","","","","","","","","","","",""
"27 Mar","Fri","Community","#TryNewWithLaifen
"27 Mar","Fri","","","","","","","","","Brand","Neo 预热","","Es ist neu.","#LaifenNeo #LaifenFöhn #Föhn #Laifen","","","","","","","","","","",""
"28 Mar","Sat","Brand","Wave Pro美图","","Just part of the routine.
"30 Mar","Mon","Community","#TryNewWithLaifen
"30 Mar","","Inspiration","Wave Pro美图","","Engineered for a pro-level clean.
"30 Mar","Mon","Inspiration","Wave Pro美图","","Oscillates. Vibrates. Cleans like a pro—every day.","#Laifen #LaifenWave #LaifenElectricToothbrush #Toothbrush #WaveMotion","","","","Inspiration","Wave Pro美图","","Oszilliert. Vibriert. Reinigt wie ein Profi – jeden Tag.","#Laifen #Zahnbürste #ElektrischeZahnbürste #LaifenWave #WaveMotion","","","","","","","","","","",""
"31 Mar","Tue","Inspiration","Wave Pro美图","","Care that goes further.","#Laifen #LaifenWave #LaifenElectricToothbrush #Toothbrush #WaveMotion","","","","Inspiration","Wave Pro美图","","Pflege, die weiter geht.","#Laifen #Zahnbürste #ElektrischeZahnbürste #LaifenWave #WaveMotion","","","","","","","","","","",""
"01 Apr","Wed","Brand","秋促","","Easter Sale 🐣
"02 Apr","Thu","","","","","","","","","Brand","Neo S TVC","","Introducing Laifen Neo Special — Visible broadcast in minutes.
"02 Apr","Thu","","","","","","","","","Brand","N 一图读懂","","Alles, was du über den Laifen Neo wissen musst.
"03 Apr","Fri","","","","","","","","","Community","NS 一图读懂","","Alles, was du über den Laifen Neo Special wissen musst.
"04 Apr","Sat","","","","","","","","","Brand","世界第一吹风机","-","-","-","","","","","","","","","","",""
"06 Apr","Mon","","","","","","","","","Community","Neo S Giveaway","","🎉 Contest: For healthier hair - win the Laifen Neo Special!
"07 Apr","Tue","Inspiration","KOL Repost
"08 Apr","Wed","","","","","","","","","Brand","NEO 快干","","Trocken in nur 3 Minuten – kraftvoll und schonend zugleich.
"09 Apr","Thu","Brand","Wave Proi美图","","A soft pink moment for your everyday routine 💗
"10 Apr","Fri","Inspiration","KOL Repost
"12 Apr","Sun","Community","KOL Repost
"13 Apr","Mon","Brand","沃尔玛进店预热","","Laifen at Walmart.
"15 Apr","Wed","","","","","","","","","Brand","Neo s 模特","","Ausgewogene Leistung für jeden Haartyp.
"16 Apr","Thu","Community","红人视频转载","","Gentle care for little curls 💛
"18 Apr","Sat","Brand","沃尔玛进店","","Laifen SE Air & More
"19 Apr","Sun","Education","P3 Pro how to 物料","","How to shave with P3 Pro (the right way)","#Laifen #Shaver #ElectricShaver","","","","Education","P3 Pro how to 物料","","So rasierst du dich mit dem P3 Pro – richtig","#Laifen #Rasierer #LaifenElektrorasierer","","","","","","","","","","",""
"20 Apr","Mon","Brand","沃尔玛进店","","Now closer than ever.
"21 Apr","Tue","Brand","KOL Repost
"22 Apr","Wed","Brand","KOL Repost
"23 Apr","","Brand","KOL Repost
"24 Apr","Fri","Brand","母亲节预热","","What’s something your mom has used for years and refuses to replace?
"25 Apr","Sat","Brand","KOL Repost
"26 Apr","Sun","","","","","","","","","","","","","","","","","","","","","","","",""
"27 Apr","Mon","Brand","母亲节KV","","Give Her the Gift of Glow ✨
"28 Apr","Tue","Brand","母亲节Giveaway","","Mother’s Day Giveaway 💛
"29 Apr","Wed","Brand","Last Minute Guide","","This Mother’s Day, give her more than a gift—give her time, confidence, and that salon-fresh feeling at home 💐
"30 Apr","Thu","Brand","Last Minute Guide","","For the mom who deserves something extra special this Mother’s Day 💝
"02 May","Sat","Brand","Last Minute Guide","","For the moms who love premium everything—even their daily routine ✨
"03 May","Sun","","","","","","","","","","","","","","","","","","","","","","","",""
"04 May","Mon","Brand","Costco上线","","Mother‘s Day Sale, Only at Costco Online
"05 May","Tue","Brand","2026 MET Gala","","Laifen High-Speed Hair Dryer × celebrity hairstylist @laurapolko
"06 May","Wed","","","","","","","","","Community","Last Minute Guide
"07 May","","","","","","","","","","Community","Last Minute Guide
"08 May","Fri","Brand","红人转载母亲节","","Make Mom’s routine feel a little more luxe this year 💐
"09 May","Sat","Brand","红人转载Costco","","Mother’s Day gifting made easy 💐
"10 May","Sun","Brand","母亲节创意海报","","To the moms who give so much love every day — thank you. 🤍
"11 May","Mon","","","","","","","","","Brand","父亲节KV","","","","","","","","","","","","","",""
"12 May","Tue","","","","","","","","","Community","父亲节Giveaway","","Magst du es, wenn dein Papa seinen Bart trägt — oder nicht? 👀
"13 May","Wed","Brand","红人转载 P3 Pro","","From “wait… I still need to shave”
"14 May","Thu","Brand","红人转载 Laifen mini","","Small yet mighty. 💨✨
"15 May","Fri","","","","","","","","","","","","","","","","","","","","","","","",""
"16 May","Sat","","","","","","","","","","","","","","","","","","","","","","","",""
"17 May","Sun","","","","","","","","","","","","","","","","","","","","","","","",""
"18 May","Mon","Brand","Laifen Wave","","PRO CLEAN. BRUSH SMARTER.
"19 May","Tue","Brand","Laifen Wave","","FRESHNESS TRAVELS WITH YOU ✈️
"20 May","Wed","","","","","","","","","","","","","","","","","","","","","","","",""
"21 May","Thu","","","","","","","","","","","","","","","","","红人转载","","Rizos definidos, volumen natural y menos tiempo frente al espejo ✨
"22 May","Fri","","","","","","","","","","","","","","","","","","","","","","","",""
"23 May","Sat","","","","","","","","","","","","","","","","","红人转载","","Tu hair dryer también puede combinar con tu estilo ✨
"24 May","Sun","","","","","","","","","","","","","","","","","","","","","","","",""
"25 May","Mon","Brand","红人转载","","Laifen SE Lite High-Speed Hair Dryer vs. traditional hair dryer ⚡
"26 May","Tue","Brand","红人转载","","Laifen SE 2 gives you different drying and styling experiences with every temperature mode 💨✨
"27 May","Wed","Brand","红人转载","","Curly hair wash days feel way easier with the right dryer
"28 May","Thu","","","","","","","","","","","","","","","","","","","","","","","",""
"29 May","Fri","","","","","","","","","","","","","","","","","","","","","","","",""
"30 May","Sat","","","","","","","","","","","","","","","","","","","","","","","",""
"31 May","","","","","","","","","","","","","","","","","","","","","","","","",""
"02 Jun","Tue","Brand","Prime Day互动素材","","Prime Day is almost here. ⚡
"03 Jun","Wed","Brand","红人活动预热","","","","","","","","","","","","","","","","","","","","","",""
"03 Jun","Wed","Brand","Air 预热 #1","","Something Light is Landing.","
"04 Jun","Thu","Community","Air 预热 #2","","What’s lighter than 9.88 oz around you? 👀
"05 Jun","Fri","Community","Air 预热 #3","","How many times do you switch hands while drying your hair? 👀
"05 Jun","Fri","","Air 预热 #3","","","","","","","","","","Wie oft wechselst du beim Föhnen die Hand? 👀
"06 Jun","Sat","Community","Air 预热 #4","","","","","","","","","","","","","","","","","","","","","",""
"08 Jun","Mon","Brand","BRAD官宣合作","","Brad Mondo × Laifen
"08 Jun","Mon","Brand","红人活动现场反图","","","","","","","","","","","","","","","","","","","","","",""
"08 Jun","Mon","Brand","PD KV","","⚡ PRIME DAY DEALS ARE LIVE ⚡
"09 Jun","Tue","","Hair Dryer Guide
"09 Jun","Tue","","Hair Dryer Guide
"10 Jun","Wed","","","","","","","","","","","","","","","","","","","","","","","",""
"10 Jun","Wed","Brand","Laifen Air正式上线
"11 Jun","Thu","Brand","GLEAM 活动开始
"11 Jun","Thu","Brand","Laifen Air KSP #1
"12 Jun","","Brand","Brad 视频","短视频二剪","","","","","","","","","","","","","","","","","","","","",""
"12 Jun","Fri","Brand","Laifen Air KSP #2
"12 Jun","Fri","Brand","Toothbrush Guide","","","","","","","","","","","","","","","","","","","","","",""
"13 Jun","Sat","Brand","Toothbrush Guide","","","","","","","","","","","","","","","","","","","","","",""
"13 Jun","Sat","","Laifen Air KSP #3
"14 Jun","Sun","","Shaver Guide","","","","","","","","","","","","","","","","","","","","","",""
"14 Jun","Sun","","Laifen Air KSP #4
"15 Jun","Mon","","Shaver Guide","","","","","","","","","","","","","","","","","","","","","",""
"15 Jun","Mon","","Laifen Air KSP #5
"16 Jun","Tue","","信息流剪辑- 吹风机","","","","","","","","","","","","","","","","","","","","","",""
"16 Jun","Tue","","Laifen Air KSP #6
"17 Jun","Wed","","信息流剪辑- 牙刷","","","","","","","","","","","","","","","","","","","","","",""
"17 Jun","Wed","","Laifen Air KSP #7
"18 Jun","Thu","","信息流剪辑- 剃须刀","","","","","","","","","","","","","","","","","","","","","",""
"18 Jun","Thu","","Laifen Air KSP #8
"19 Jun","Fri","","红人转载","","","","","","","","","","","","","","","","","","","","","",""
"19 Jun","Fri","","Laifen Air KSP #9
"20 Jun","Sat","","如何获得最优惠的Laifen产品（路径引导）","","","","","","","","","","","","","","","","","","","","","",""
"20 Jun","","","Laifen Air KSP #10
"21 Jun","Sun","","Father’s Day","","","","","","","","","","","","","","","","","","","","","",""
"21 Jun","","","一图读懂","","","","","","","","","","","","","","","","","","","","","",""
"22 Jun","Mon","","红人转载","","","","","","","","","","","","","","","","","","","","","",""
"22 Jun","Mon","","SE 2 视频","","","","","","","","","","","","","","","","","","","","","",""
"22 Jun","","Brand","Brad Quote","","","","","","","","","","","","","","","","","","","","","",""
"23 Jun","Tue","","正日子KV","","","","","","","","","","","","","","","","","","","","","",""
"24 Jun","Wed","","","","","","","","","","","","","","","","","","","","","","","",""
"25 Jun","Thu","","","","","","","","","","","","","","","","","","","","","","","",""
"26 Jun","Fri","","","","","","","","","","","","","","","","","","","","","","","",""
"27 Jun","Sat","","","","","","","","","","","","","","","","","","","","","","","",""
"28 Jun","Sun","","","","","","","","","","","","","","","","","","","","","","","",""
"29 Jun","Mon","","","","","","","","","","","","","","","","","","","","","","","",""
"30 Jun","Tue","","","","","","","","","","","","","","","","","","","","","","","",""
"02 Jul","Thu","","","","","","","","","","","","","","","","","","","","","","","",""
"03 Jul","Fri","","","","","","","","","","","","","","","","","","","","","","","",""
"04 Jul","Sat","","","","","","","","","","","","","","","","","","","","","","","",""
"05 Jul","Sun","","","","","","","","","","","","","","","","","","","","","","","",""
"06 Jul","Mon","","","","","","","","","","","","","","","","","","","","","","","",""
"07 Jul","","","","","","","","","","","","","","","","","","","","","","","","",""
"08 Jul","Wed","","","","","","","","","","","","","","","","","","","","","","","",""
"09 Jul","Thu","","","","","","","","","","","","","","","","","","","","","","","",""
"10 Jul","Fri","","","","","","","","","","","","","","","","","","","","","","","",""
"11 Jul","Sat","","","","","","","","","","","","","","","","","","","","","","","",""
"12 Jul","Sun","","","","","","","","","","","","","","","","","","","","","","","",""
"13 Jul","Mon","","","","","","","","","","","","","","","","","","","","","","","",""
"14 Jul","Tue","","","","","","","","","","","","","","","","","","","","","","","",""
"15 Jul","Wed","","Give Something Away Day","","","","","","","","","","","","","","","","","","","","","",""
"16 Jul","Thu","","","","","","","","","","","","","","","","","","","","","","","",""
"17 Jul","Fri","","","","","","","","","","","","","","","","","","","","","","","",""
"18 Jul","Sat","","","","","","","","","","","","","","","","","","","","","","","",""
"19 Jul","Sun","","","","","","","","","","","","","","","","","","","","","","","",""
"20 Jul","Mon","","","","","","","","","","","","","","","","","","","","","","","",""
"21 Jul","Tue","","","","","","","","","","","","","","","","","","","","","","","",""
"22 Jul","Wed","","","","","","","","","","","","","","","","","","","","","","","",""
"23 Jul","","","","","","","","","","","","","","","","","","","","","","","","",""
"24 Jul","Fri","","","","","","","","","","","","","","","","","","","","","","","",""
"25 Jul","Sat","","","","","","","","","","","","","","","","","","","","","","","",""
"26 Jul","Sun","","","","","","","","","","","","","","","","","","","","","","","",""
"27 Jul","Mon","","","","","","","","","","","","","","","","","","","","","","","",""
"28 Jul","Tue","","","","","","","","","","","","","","","","","","","","","","","",""
"29 Jul","Wed","","","","","","","","","","","","","","","","","","","","","","","",""
"30 Jul","Thu","","","","","","","","","","","","","","","","","","","","","","","",""
"31 Jul","","","","","","","","","","","","","","","","","","","","","","","","",""
